episode_reward_mean,episode_len_mean,timesteps_this_iter,done,timesteps_total,episodes_total,training_iteration,trial_id,experiment_id,date,timestamp,time_this_iter_s,time_total_s,pid,hostname,node_ip,time_since_restore,timesteps_since_restore,iterations_since_restore,warmup_time,info/weights_norm,info/grad_norm,info/update_ratio,info/episodes_this_iter,info/episodes_so_far,perf/cpu_util_percent,perf/ram_util_percent
-9.651039,50.0,52300,False,52300,,1,8a583_00000,5358c7b8e67a4a169df8f68562f4d358,2023-02-14_00-15-14,1676333714,26.620580673217773,26.620580673217773,7162,6860f06fdae6,172.17.0.2,26.620580673217773,52300,1,17.394598484039307,513.29407,5.3265386,0.116588384,1046,1046,56.63947368421053,66.8078947368421
-9.538717,50.0,63400,False,115700,,2,8a583_00000,5358c7b8e67a4a169df8f68562f4d358,2023-02-14_00-15-16,1676333716,2.17521595954895,28.795796632766724,7162,6860f06fdae6,172.17.0.2,28.795796632766724,115700,2,17.394598484039307,516.6474,4.6110888,0.08237873,1268,2314,38.666666666666664,81.43333333333334
-9.092835,50.0,50900,False,166600,,3,8a583_00000,5358c7b8e67a4a169df8f68562f4d358,2023-02-14_00-15-18,1676333718,1.8345048427581787,30.630301475524902,7162,6860f06fdae6,172.17.0.2,30.630301475524902,166600,3,17.394598484039307,520.84357,5.735734,0.06742357,1018,3332,43.199999999999996,81.6
-9.090503,50.0,67100,False,233700,,4,8a583_00000,5358c7b8e67a4a169df8f68562f4d358,2023-02-14_00-15-20,1676333720,2.1953253746032715,32.825626850128174,7162,6860f06fdae6,172.17.0.2,32.825626850128174,233700,4,17.394598484039307,525.3076,4.0518665,0.05777553,1342,4674,45.53333333333333,81.43333333333334
-9.543948,50.0,50500,False,284200,,5,8a583_00000,5358c7b8e67a4a169df8f68562f4d358,2023-02-14_00-15-22,1676333722,1.737882375717163,34.56350922584534,7162,6860f06fdae6,172.17.0.2,34.56350922584534,284200,5,17.394598484039307,529.8181,5.393155,0.051949773,1010,5684,35.36666666666667,81.43333333333334
-9.625768,50.0,66100,False,350300,,6,8a583_00000,5358c7b8e67a4a169df8f68562f4d358,2023-02-14_00-15-24,1676333724,2.1073689460754395,36.670878171920776,7162,6860f06fdae6,172.17.0.2,36.670878171920776,350300,6,17.394598484039307,534.3174,4.485577,0.04719462,1322,7006,45.666666666666664,81.46666666666667
-9.512008,50.0,53800,False,404100,,7,8a583_00000,5358c7b8e67a4a169df8f68562f4d358,2023-02-14_00-15-26,1676333726,1.7276606559753418,38.39853882789612,7162,6860f06fdae6,172.17.0.2,38.39853882789612,404100,7,17.394598484039307,538.6258,5.5445304,0.04391183,1076,8082,50.9,81.5
-9.392814,50.0,53300,False,457400,,8,8a583_00000,5358c7b8e67a4a169df8f68562f4d358,2023-02-14_00-15-28,1676333728,1.8005404472351074,40.199079275131226,7162,6860f06fdae6,172.17.0.2,40.199079275131226,457400,8,17.394598484039307,542.8014,5.0689774,0.04117762,1066,9148,35.833333333333336,81.46666666666667
-9.284388,50.0,50000,False,507400,,9,8a583_00000,5358c7b8e67a4a169df8f68562f4d358,2023-02-14_00-15-29,1676333729,1.6073439121246338,41.80642318725586,7162,6860f06fdae6,172.17.0.2,41.80642318725586,507400,9,17.394598484039307,546.6837,5.652957,0.039143473,1000,10148,50.45,81.6
-9.062428,50.0,54400,False,561800,,10,8a583_00000,5358c7b8e67a4a169df8f68562f4d358,2023-02-14_00-15-31,1676333731,1.7938072681427002,43.60023045539856,7162,6860f06fdae6,172.17.0.2,43.60023045539856,561800,10,17.394598484039307,550.43365,5.255395,0.03719159,1088,11236,41.3,81.5
-8.920306,50.0,52800,False,614600,,11,8a583_00000,5358c7b8e67a4a169df8f68562f4d358,2023-02-14_00-15-33,1676333733,1.727442979812622,45.32767343521118,7162,6860f06fdae6,172.17.0.2,45.32767343521118,614600,11,17.394598484039307,554.0549,5.1213274,0.035619587,1056,12292,41.76666666666667,81.63333333333333
-8.772458,50.0,51500,False,666100,,12,8a583_00000,5358c7b8e67a4a169df8f68562f4d358,2023-02-14_00-15-35,1676333735,1.6574621200561523,46.985135555267334,7162,6860f06fdae6,172.17.0.2,46.985135555267334,666100,12,17.394598484039307,557.4522,5.5347795,0.034363825,1030,13322,47.3,81.6
-8.918086,50.0,51000,False,717100,,13,8a583_00000,5358c7b8e67a4a169df8f68562f4d358,2023-02-14_00-15-36,1676333736,1.810734748840332,48.795870304107666,7162,6860f06fdae6,172.17.0.2,48.795870304107666,717100,13,17.394598484039307,560.67303,5.6895084,0.033366024,1020,14342,37.733333333333334,81.66666666666667
-9.02805,50.0,53600,False,770700,,14,8a583_00000,5358c7b8e67a4a169df8f68562f4d358,2023-02-14_00-15-38,1676333738,1.7529561519622803,50.548826456069946,7162,6860f06fdae6,172.17.0.2,50.548826456069946,770700,14,17.394598484039307,563.82,5.8563395,0.03255092,1072,15414,44.05,81.6
-8.789095,50.0,55900,False,826600,,15,8a583_00000,5358c7b8e67a4a169df8f68562f4d358,2023-02-14_00-15-40,1676333740,1.7874488830566406,52.33627533912659,7162,6860f06fdae6,172.17.0.2,52.33627533912659,826600,15,17.394598484039307,566.9232,5.2446876,0.031638797,1118,16532,41.233333333333334,81.7
-8.681055,50.0,54800,False,881400,,16,8a583_00000,5358c7b8e67a4a169df8f68562f4d358,2023-02-14_00-15-42,1676333742,1.8625552654266357,54.19883060455322,7162,6860f06fdae6,172.17.0.2,54.19883060455322,881400,16,17.394598484039307,569.9613,5.1023726,0.030733824,1096,17628,35.36666666666667,81.63333333333334
-8.718207,50.0,52800,False,934200,,17,8a583_00000,5358c7b8e67a4a169df8f68562f4d358,2023-02-14_00-15-44,1676333744,1.7650108337402344,55.96384143829346,7162,6860f06fdae6,172.17.0.2,55.96384143829346,934200,17,17.394598484039307,572.8745,5.1976967,0.029982302,1056,18684,50.65,81.7
-8.730485,50.0,52600,False,986800,,18,8a583_00000,5358c7b8e67a4a169df8f68562f4d358,2023-02-14_00-15-46,1676333746,1.8111717700958252,57.77501320838928,7162,6860f06fdae6,172.17.0.2,57.77501320838928,986800,18,17.394598484039307,575.57056,5.3115544,0.029439423,1052,19736,35.36666666666667,81.63333333333334
-8.934769,50.0,52900,False,1039700,,19,8a583_00000,5358c7b8e67a4a169df8f68562f4d358,2023-02-14_00-15-47,1676333747,1.7023530006408691,59.47736620903015,7162,6860f06fdae6,172.17.0.2,59.47736620903015,1039700,19,17.394598484039307,578.14325,5.441194,0.028929649,1058,20794,51.3,81.7
-9.02016,50.0,51100,False,1090800,,20,8a583_00000,5358c7b8e67a4a169df8f68562f4d358,2023-02-14_00-15-49,1676333749,1.7382588386535645,61.215625047683716,7162,6860f06fdae6,172.17.0.2,61.215625047683716,1090800,20,17.394598484039307,580.6491,5.6008267,0.028533556,1022,21816,38.35,81.7
-9.062604,50.0,52300,False,1143100,,21,8a583_00000,5358c7b8e67a4a169df8f68562f4d358,2023-02-14_00-15-51,1676333751,1.7889530658721924,63.00457811355591,7162,6860f06fdae6,172.17.0.2,63.00457811355591,1143100,21,17.394598484039307,583.0239,5.5847898,0.028215421,1046,22862,43.96666666666666,81.66666666666667
-9.033593,50.0,51800,False,1194900,,22,8a583_00000,5358c7b8e67a4a169df8f68562f4d358,2023-02-14_00-15-53,1676333753,1.725316047668457,64.72989416122437,7162,6860f06fdae6,172.17.0.2,64.72989416122437,1194900,22,17.394598484039307,585.2353,5.1148586,0.02768613,1036,23898,38.2,81.65
-9.09418,50.0,52900,False,1247800,,23,8a583_00000,5358c7b8e67a4a169df8f68562f4d358,2023-02-14_00-15-54,1676333754,1.740654706954956,66.47054886817932,7162,6860f06fdae6,172.17.0.2,66.47054886817932,1247800,23,17.394598484039307,587.21716,5.118932,0.027211804,1058,24956,43.76666666666667,81.7
-8.806592,50.0,51000,False,1298800,,24,8a583_00000,5358c7b8e67a4a169df8f68562f4d358,2023-02-14_00-15-56,1676333756,1.7160186767578125,68.18656754493713,7162,6860f06fdae6,172.17.0.2,68.18656754493713,1298800,24,17.394598484039307,589.1047,5.8704367,0.027122667,1020,25976,40.55,81.75
-8.940889,50.0,67900,False,1366700,,25,8a583_00000,5358c7b8e67a4a169df8f68562f4d358,2023-02-14_00-15-58,1676333758,2.295417070388794,70.48198461532593,7162,6860f06fdae6,172.17.0.2,70.48198461532593,1366700,25,17.394598484039307,590.8169,4.133906,0.026375018,1358,27334,40.1,81.67500000000001
-9.110991,50.0,51700,False,1418400,,26,8a583_00000,5358c7b8e67a4a169df8f68562f4d358,2023-02-14_00-16-00,1676333760,1.7036323547363281,72.18561697006226,7162,6860f06fdae6,172.17.0.2,72.18561697006226,1418400,26,17.394598484039307,592.4195,5.5448465,0.026349168,1034,28368,50.8,81.7
-9.0125065,50.0,67500,False,1485900,,27,8a583_00000,5358c7b8e67a4a169df8f68562f4d358,2023-02-14_00-16-02,1676333762,2.267138957977295,74.45275592803955,7162,6860f06fdae6,172.17.0.2,74.45275592803955,1485900,27,17.394598484039307,593.8535,4.221859,0.025805473,1350,29718,45.166666666666664,81.7
-8.947792,50.0,53900,False,1539800,,28,8a583_00000,5358c7b8e67a4a169df8f68562f4d358,2023-02-14_00-16-04,1676333764,1.7524135112762451,76.2051694393158,7162,6860f06fdae6,172.17.0.2,76.2051694393158,1539800,28,17.394598484039307,595.13635,5.3073916,0.025701884,1078,30796,37.099999999999994,81.76666666666667
-8.772722,50.0,51400,False,1591200,,29,8a583_00000,5358c7b8e67a4a169df8f68562f4d358,2023-02-14_00-16-06,1676333766,1.8411328792572021,78.046302318573,7162,6860f06fdae6,172.17.0.2,78.046302318573,1591200,29,17.394598484039307,596.3183,5.9246883,0.025871325,1028,31824,44.150000000000006,81.9
-8.793321,50.0,66200,False,1657400,,30,8a583_00000,5358c7b8e67a4a169df8f68562f4d358,2023-02-14_00-16-08,1676333768,2.128293991088867,80.17459630966187,7162,6860f06fdae6,172.17.0.2,80.17459630966187,1657400,30,17.394598484039307,597.40045,4.3326426,0.025324604,1324,33148,43.5,81.86666666666666
-8.82173,50.0,52200,False,1709600,,31,8a583_00000,5358c7b8e67a4a169df8f68562f4d358,2023-02-14_00-16-10,1676333770,1.7143528461456299,81.8889491558075,7162,6860f06fdae6,172.17.0.2,81.8889491558075,1709600,31,17.394598484039307,598.3868,5.6874356,0.025455656,1044,34192,40.03333333333334,81.96666666666665
-8.854267,50.0,51100,False,1760700,,32,8a583_00000,5358c7b8e67a4a169df8f68562f4d358,2023-02-14_00-16-12,1676333772,1.6813404560089111,83.5702896118164,7162,6860f06fdae6,172.17.0.2,83.5702896118164,1760700,32,17.394598484039307,599.2643,5.1863217,0.025334915,1022,35214,48.35,81.9
-8.57542,50.0,51700,False,1812400,,33,8a583_00000,5358c7b8e67a4a169df8f68562f4d358,2023-02-14_00-16-13,1676333773,1.662529706954956,85.23281931877136,7162,6860f06fdae6,172.17.0.2,85.23281931877136,1812400,33,17.394598484039307,599.9561,5.7846246,0.025430022,1034,36248,37.5,81.83333333333333
-8.640751,50.0,53500,False,1865900,,34,8a583_00000,5358c7b8e67a4a169df8f68562f4d358,2023-02-14_00-16-15,1676333775,1.840409755706787,87.07322907447815,7162,6860f06fdae6,172.17.0.2,87.07322907447815,1865900,34,17.394598484039307,600.6079,5.5432205,0.025372433,1070,37318,49.95,81.9
-8.363382,50.0,50500,False,1916400,,35,8a583_00000,5358c7b8e67a4a169df8f68562f4d358,2023-02-14_00-16-17,1676333777,1.7040672302246094,88.77729630470276,7162,6860f06fdae6,172.17.0.2,88.77729630470276,1916400,35,17.394598484039307,601.16113,5.8567166,0.025491051,1010,38328,35.43333333333333,81.83333333333333
-8.05982,50.0,52300,False,1968700,,36,8a583_00000,5358c7b8e67a4a169df8f68562f4d358,2023-02-14_00-16-19,1676333779,1.7918164730072021,90.56911277770996,7162,6860f06fdae6,172.17.0.2,90.56911277770996,1968700,36,17.394598484039307,601.7513,5.613832,0.025440099,1046,39374,50.3,81.95
-8.063875,50.0,50300,False,2019000,,37,8a583_00000,5358c7b8e67a4a169df8f68562f4d358,2023-02-14_00-16-20,1676333780,1.68442702293396,92.25353980064392,7162,6860f06fdae6,172.17.0.2,92.25353980064392,2019000,37,17.394598484039307,602.37836,5.606236,0.025471175,1006,40380,36.199999999999996,81.86666666666667
-8.106384,50.0,51300,False,2070300,,38,8a583_00000,5358c7b8e67a4a169df8f68562f4d358,2023-02-14_00-16-22,1676333782,1.8779025077819824,94.1314423084259,7162,6860f06fdae6,172.17.0.2,94.1314423084259,2070300,38,17.394598484039307,603.00183,5.601922,0.025492707,1026,41406,49.7,81.9
-7.984842,50.0,53500,False,2123800,,39,8a583_00000,5358c7b8e67a4a169df8f68562f4d358,2023-02-14_00-16-24,1676333784,1.8463783264160156,95.97782063484192,7162,6860f06fdae6,172.17.0.2,95.97782063484192,2123800,39,17.394598484039307,603.5475,5.32816,0.025382405,1070,42476,35.0,82.0
-8.078409,50.0,52700,False,2176500,,40,8a583_00000,5358c7b8e67a4a169df8f68562f4d358,2023-02-14_00-16-26,1676333786,1.6783373355865479,97.65615797042847,7162,6860f06fdae6,172.17.0.2,97.65615797042847,2176500,40,17.394598484039307,604.0944,5.3643546,0.025235891,1054,43530,46.5,81.9
-8.085942,50.0,52500,False,2229000,,41,8a583_00000,5358c7b8e67a4a169df8f68562f4d358,2023-02-14_00-16-28,1676333788,1.8075439929962158,99.46370196342468,7162,6860f06fdae6,172.17.0.2,99.46370196342468,2229000,41,17.394598484039307,604.6651,5.67949,0.025332559,1050,44580,38.699999999999996,82.0
-7.9606285,50.0,50200,False,2279200,,42,8a583_00000,5358c7b8e67a4a169df8f68562f4d358,2023-02-14_00-16-29,1676333789,1.6975326538085938,101.16123461723328,7162,6860f06fdae6,172.17.0.2,101.16123461723328,2279200,42,17.394598484039307,605.17444,5.4373403,0.025232006,1004,45584,47.3,81.9
-8.013035,50.0,53500,False,2332700,,43,8a583_00000,5358c7b8e67a4a169df8f68562f4d358,2023-02-14_00-16-31,1676333791,2.000359296798706,103.16159391403198,7162,6860f06fdae6,172.17.0.2,103.16159391403198,2332700,43,17.394598484039307,605.6321,5.5521092,0.025242573,1070,46654,37.86666666666667,81.9
-7.7757998,50.0,51900,False,2384600,,44,8a583_00000,5358c7b8e67a4a169df8f68562f4d358,2023-02-14_00-16-33,1676333793,1.6256747245788574,104.78726863861084,7162,6860f06fdae6,172.17.0.2,104.78726863861084,2384600,44,17.394598484039307,606.08203,5.5011,0.02517292,1038,47692,39.25,81.9
-7.890821,50.0,50900,False,2435500,,45,8a583_00000,5358c7b8e67a4a169df8f68562f4d358,2023-02-14_00-16-35,1676333795,1.7318897247314453,106.51915836334229,7162,6860f06fdae6,172.17.0.2,106.51915836334229,2435500,45,17.394598484039307,606.4559,5.7413383,0.02516834,1018,48710,43.666666666666664,82.0
-7.9913054,50.0,50800,False,2486300,,46,8a583_00000,5358c7b8e67a4a169df8f68562f4d358,2023-02-14_00-16-37,1676333797,1.7395992279052734,108.25875759124756,7162,6860f06fdae6,172.17.0.2,108.25875759124756,2486300,46,17.394598484039307,606.84576,5.7002006,0.025155652,1016,49726,41.65,81.95
-7.899029,50.0,52000,False,2538300,,47,8a583_00000,5358c7b8e67a4a169df8f68562f4d358,2023-02-14_00-16-39,1676333799,2.009281635284424,110.26803922653198,7162,6860f06fdae6,172.17.0.2,110.26803922653198,2538300,47,17.394598484039307,607.2801,5.772247,0.025204254,1040,50766,41.43333333333334,82.0
-7.8333616,50.0,50400,False,2588700,,48,8a583_00000,5358c7b8e67a4a169df8f68562f4d358,2023-02-14_00-16-40,1676333800,1.701911211013794,111.96995043754578,7162,6860f06fdae6,172.17.0.2,111.96995043754578,2588700,48,17.394598484039307,607.6894,5.726217,0.025246933,1008,51774,34.699999999999996,81.9
-7.7388144,50.0,51500,False,2640200,,49,8a583_00000,5358c7b8e67a4a169df8f68562f4d358,2023-02-14_00-16-42,1676333802,1.7585768699645996,113.72852730751038,7162,6860f06fdae6,172.17.0.2,113.72852730751038,2640200,49,17.394598484039307,608.06537,5.7453055,0.025235679,1030,52804,49.75,81.95
-7.5020905,50.0,51500,False,2691700,,50,8a583_00000,5358c7b8e67a4a169df8f68562f4d358,2023-02-14_00-16-44,1676333804,1.805067539215088,115.53359484672546,7162,6860f06fdae6,172.17.0.2,115.53359484672546,2691700,50,17.394598484039307,608.49744,5.853141,0.025274338,1030,53834,35.5,81.93333333333334
-7.282598,50.0,52600,False,2744300,,51,8a583_00000,5358c7b8e67a4a169df8f68562f4d358,2023-02-14_00-16-46,1676333806,1.8336284160614014,117.36722326278687,7162,6860f06fdae6,172.17.0.2,117.36722326278687,2744300,51,17.394598484039307,608.95856,5.1121206,0.025020462,1052,54886,45.599999999999994,82.0
-7.3140593,50.0,52100,False,2796400,,52,8a583_00000,5358c7b8e67a4a169df8f68562f4d358,2023-02-14_00-16-48,1676333808,1.7595429420471191,119.12676620483398,7162,6860f06fdae6,172.17.0.2,119.12676620483398,2796400,52,17.394598484039307,609.40234,5.661258,0.02504078,1042,55928,39.23333333333333,82.06666666666666
-7.2636313,50.0,52100,False,2848500,,53,8a583_00000,5358c7b8e67a4a169df8f68562f4d358,2023-02-14_00-16-49,1676333809,1.7695198059082031,120.89628601074219,7162,6860f06fdae6,172.17.0.2,120.89628601074219,2848500,53,17.394598484039307,609.88293,5.359004,0.024942126,1042,56970,44.25,82.0
-7.3443856,50.0,50700,False,2899200,,54,8a583_00000,5358c7b8e67a4a169df8f68562f4d358,2023-02-14_00-16-51,1676333811,1.8001282215118408,122.69641423225403,7162,6860f06fdae6,172.17.0.2,122.69641423225403,2899200,54,17.394598484039307,610.3512,6.0267253,0.025100471,1014,57984,39.733333333333334,82.03333333333335
-7.149128,50.0,64800,False,2964000,,55,8a583_00000,5358c7b8e67a4a169df8f68562f4d358,2023-02-14_00-16-53,1676333813,2.1863389015197754,124.8827531337738,7162,6860f06fdae6,172.17.0.2,124.8827531337738,2964000,55,17.394598484039307,610.7413,4.572884,0.02471628,1296,59280,46.06666666666666,82.03333333333333
-7.128998,50.0,51100,False,3015100,,56,8a583_00000,5358c7b8e67a4a169df8f68562f4d358,2023-02-14_00-16-55,1676333815,1.6904830932617188,126.57323622703552,7162,6860f06fdae6,172.17.0.2,126.57323622703552,3015100,56,17.394598484039307,611.222,5.698247,0.024753217,1022,60302,36.8,82.0
-7.185752,50.0,51200,False,3066300,,57,8a583_00000,5358c7b8e67a4a169df8f68562f4d358,2023-02-14_00-16-57,1676333817,1.684237003326416,128.25747323036194,7162,6860f06fdae6,172.17.0.2,128.25747323036194,3066300,57,17.394598484039307,611.7155,5.8195906,0.024756143,1024,61326,43.699999999999996,82.03333333333335
-7.0674744,50.0,52500,False,3118800,,58,8a583_00000,5358c7b8e67a4a169df8f68562f4d358,2023-02-14_00-16-59,1676333819,1.8072443008422852,130.06471753120422,7162,6860f06fdae6,172.17.0.2,130.06471753120422,3118800,58,17.394598484039307,612.13275,5.386704,0.024692973,1050,62376,39.900000000000006,82.0
-7.1920824,50.0,67500,False,3186300,,59,8a583_00000,5358c7b8e67a4a169df8f68562f4d358,2023-02-14_00-17-01,1676333821,2.2413244247436523,132.30604195594788,7162,6860f06fdae6,172.17.0.2,132.30604195594788,3186300,59,17.394598484039307,612.4713,4.1969376,0.024126904,1350,63726,39.725,81.95
-7.3150816,50.0,65300,False,3251600,,60,8a583_00000,5358c7b8e67a4a169df8f68562f4d358,2023-02-14_00-17-03,1676333823,2.1653194427490234,134.4713613986969,7162,6860f06fdae6,172.17.0.2,134.4713613986969,3251600,60,17.394598484039307,612.70435,4.0779138,0.023601124,1306,65032,44.9,81.96666666666667
-7.382605,50.0,51900,False,3303500,,61,8a583_00000,5358c7b8e67a4a169df8f68562f4d358,2023-02-14_00-17-05,1676333825,1.8147952556610107,136.2861566543579,7162,6860f06fdae6,172.17.0.2,136.2861566543579,3303500,61,17.394598484039307,612.8684,5.873518,0.02399401,1038,66070,50.6,82.05
-7.4296274,50.0,51500,False,3355000,,62,8a583_00000,5358c7b8e67a4a169df8f68562f4d358,2023-02-14_00-17-07,1676333827,1.8773219585418701,138.16347861289978,7162,6860f06fdae6,172.17.0.2,138.16347861289978,3355000,62,17.394598484039307,613.1088,5.5147524,0.02408461,1030,67100,35.8,82.10000000000001
-7.509037,50.0,50800,False,3405800,,63,8a583_00000,5358c7b8e67a4a169df8f68562f4d358,2023-02-14_00-17-09,1676333829,1.7062182426452637,139.86969685554504,7162,6860f06fdae6,172.17.0.2,139.86969685554504,3405800,63,17.394598484039307,613.26196,5.5279117,0.024242433,1016,68116,44.900000000000006,81.95
-7.42826,50.0,52400,False,3458200,,64,8a583_00000,5358c7b8e67a4a169df8f68562f4d358,2023-02-14_00-17-10,1676333830,1.7776846885681152,141.64738154411316,7162,6860f06fdae6,172.17.0.2,141.64738154411316,3458200,64,17.394598484039307,613.3777,5.2411156,0.024201948,1048,69164,39.233333333333334,82.06666666666666
-7.381606,50.0,50600,False,3508800,,65,8a583_00000,5358c7b8e67a4a169df8f68562f4d358,2023-02-14_00-17-12,1676333832,1.7108306884765625,143.35821223258972,7162,6860f06fdae6,172.17.0.2,143.35821223258972,3508800,65,17.394598484039307,613.47864,5.7583675,0.024377663,1012,70176,46.15,82.0
-7.284893,50.0,51500,False,3560300,,66,8a583_00000,5358c7b8e67a4a169df8f68562f4d358,2023-02-14_00-17-14,1676333834,1.7347195148468018,145.09293174743652,7162,6860f06fdae6,172.17.0.2,145.09293174743652,3560300,66,17.394598484039307,613.5823,5.456521,0.024367282,1030,71206,37.733333333333334,81.93333333333334
-7.2124915,50.0,51400,False,3611700,,67,8a583_00000,5358c7b8e67a4a169df8f68562f4d358,2023-02-14_00-17-16,1676333836,1.8459272384643555,146.93885898590088,7162,6860f06fdae6,172.17.0.2,146.93885898590088,3611700,67,17.394598484039307,613.6365,5.9750338,0.024595058,1028,72234,43.25,82.0
-7.2618585,50.0,66000,False,3677700,,68,8a583_00000,5358c7b8e67a4a169df8f68562f4d358,2023-02-14_00-17-18,1676333838,2.2725398540496826,149.21139883995056,7162,6860f06fdae6,172.17.0.2,149.21139883995056,3677700,68,17.394598484039307,613.675,4.1330175,0.024131857,1320,73554,38.525,81.975
-7.23946,50.0,50900,False,3728600,,69,8a583_00000,5358c7b8e67a4a169df8f68562f4d358,2023-02-14_00-17-20,1676333840,1.6907224655151367,150.9021213054657,7162,6860f06fdae6,172.17.0.2,150.9021213054657,3728600,69,17.394598484039307,613.64844,5.9290237,0.02441604,1018,74572,49.85,82.0
-7.0977545,50.0,66000,False,3794600,,70,8a583_00000,5358c7b8e67a4a169df8f68562f4d358,2023-02-14_00-17-22,1676333842,2.2817447185516357,153.18386602401733,7162,6860f06fdae6,172.17.0.2,153.18386602401733,3794600,70,17.394598484039307,613.7219,4.191654,0.023978524,1320,75892,44.76666666666667,82.03333333333333
-7.074646,50.0,51600,False,3846200,,71,8a583_00000,5358c7b8e67a4a169df8f68562f4d358,2023-02-14_00-17-24,1676333844,1.7337753772735596,154.9176414012909,7162,6860f06fdae6,172.17.0.2,154.9176414012909,3846200,71,17.394598484039307,613.7715,5.8752036,0.024242219,1032,76924,36.03333333333333,82.03333333333333
-6.9547844,50.0,50600,False,3896800,,72,8a583_00000,5358c7b8e67a4a169df8f68562f4d358,2023-02-14_00-17-25,1676333845,1.748781442642212,156.6664228439331,7162,6860f06fdae6,172.17.0.2,156.6664228439331,3896800,72,17.394598484039307,613.8242,5.510444,0.024304606,1012,77936,48.3,82.05
-6.9293795,50.0,51800,False,3948600,,73,8a583_00000,5358c7b8e67a4a169df8f68562f4d358,2023-02-14_00-17-27,1676333847,1.8039131164550781,158.47033596038818,7162,6860f06fdae6,172.17.0.2,158.47033596038818,3948600,73,17.394598484039307,613.8109,5.2583904,0.024310755,1036,78972,36.0,82.0
-6.9703393,50.0,53500,False,4002100,,74,8a583_00000,5358c7b8e67a4a169df8f68562f4d358,2023-02-14_00-17-29,1676333849,1.7266173362731934,160.19695329666138,7162,6860f06fdae6,172.17.0.2,160.19695329666138,4002100,74,17.394598484039307,613.75916,5.5360446,0.0243618,1070,80042,47.85,82.05
-7.188932,50.0,54400,False,4056500,,75,8a583_00000,5358c7b8e67a4a169df8f68562f4d358,2023-02-14_00-17-31,1676333851,1.8229351043701172,162.0198884010315,7162,6860f06fdae6,172.17.0.2,162.0198884010315,4056500,75,17.394598484039307,613.81305,5.0582695,0.024312742,1088,81130,37.199999999999996,82.16666666666667
-7.029373,50.0,51400,False,4107900,,76,8a583_00000,5358c7b8e67a4a169df8f68562f4d358,2023-02-14_00-17-33,1676333853,1.9170904159545898,163.93697881698608,7162,6860f06fdae6,172.17.0.2,163.93697881698608,4107900,76,17.394598484039307,613.78906,5.6513853,0.024453398,1028,82158,35.4,82.03333333333333
-6.9693193,50.0,52300,False,4160200,,77,8a583_00000,5358c7b8e67a4a169df8f68562f4d358,2023-02-14_00-17-35,1676333855,1.8407104015350342,165.77768921852112,7162,6860f06fdae6,172.17.0.2,165.77768921852112,4160200,77,17.394598484039307,613.68243,5.496317,0.024450002,1046,83204,48.45,82.05
-6.8625503,50.0,53100,False,4213300,,78,8a583_00000,5358c7b8e67a4a169df8f68562f4d358,2023-02-14_00-17-36,1676333856,1.7732963562011719,167.5509855747223,7162,6860f06fdae6,172.17.0.2,167.5509855747223,4213300,78,17.394598484039307,613.61316,5.3092036,0.024407146,1062,84266,36.166666666666664,82.03333333333333
-6.812813,50.0,53400,False,4266700,,79,8a583_00000,5358c7b8e67a4a169df8f68562f4d358,2023-02-14_00-17-38,1676333858,1.8006155490875244,169.35160112380981,7162,6860f06fdae6,172.17.0.2,169.35160112380981,4266700,79,17.394598484039307,613.60376,5.709828,0.024540728,1068,85334,48.7,82.1
-6.8197417,50.0,51200,False,4317900,,80,8a583_00000,5358c7b8e67a4a169df8f68562f4d358,2023-02-14_00-17-40,1676333860,1.7016355991363525,171.05323672294617,7162,6860f06fdae6,172.17.0.2,171.05323672294617,4317900,80,17.394598484039307,613.6837,5.981805,0.024734724,1024,86358,36.53333333333333,82.03333333333333
-6.696041,50.0,50400,False,4368300,,81,8a583_00000,5358c7b8e67a4a169df8f68562f4d358,2023-02-14_00-17-42,1676333862,1.8387479782104492,172.89198470115662,7162,6860f06fdae6,172.17.0.2,172.89198470115662,4368300,81,17.394598484039307,613.64355,5.774062,0.024797114,1008,87366,49.15,82.1
-6.850882,50.0,65900,False,4434200,,82,8a583_00000,5358c7b8e67a4a169df8f68562f4d358,2023-02-14_00-17-44,1676333864,2.378298759460449,175.27028346061707,7162,6860f06fdae6,172.17.0.2,175.27028346061707,4434200,82,17.394598484039307,613.6017,3.9976094,0.024222052,1318,88684,36.800000000000004,82.07499999999999
-6.7772813,50.0,52300,False,4486500,,83,8a583_00000,5358c7b8e67a4a169df8f68562f4d358,2023-02-14_00-17-46,1676333866,1.7035632133483887,176.97384667396545,7162,6860f06fdae6,172.17.0.2,176.97384667396545,4486500,83,17.394598484039307,613.5651,5.6584597,0.024368273,1046,89730,49.9,82.1
-6.9045935,50.0,50700,False,4537200,,84,8a583_00000,5358c7b8e67a4a169df8f68562f4d358,2023-02-14_00-17-48,1676333868,1.6259479522705078,178.59979462623596,7162,6860f06fdae6,172.17.0.2,178.59979462623596,4537200,84,17.394598484039307,613.56476,5.6637154,0.024538273,1014,90744,38.7,82.05
-6.717705,50.0,66300,False,4603500,,85,8a583_00000,5358c7b8e67a4a169df8f68562f4d358,2023-02-14_00-17-50,1676333870,2.109312057495117,180.70910668373108,7162,6860f06fdae6,172.17.0.2,180.70910668373108,4603500,85,17.394598484039307,613.55493,4.4648247,0.024165245,1326,92070,47.133333333333326,82.03333333333333
-6.978517,50.0,51100,False,4654600,,86,8a583_00000,5358c7b8e67a4a169df8f68562f4d358,2023-02-14_00-17-52,1676333872,1.783695936203003,182.49280261993408,7162,6860f06fdae6,172.17.0.2,182.49280261993408,4654600,86,17.394598484039307,613.54974,5.318408,0.024214009,1022,93092,40.63333333333333,82.16666666666667
-7.132627,50.0,52700,False,4707300,,87,8a583_00000,5358c7b8e67a4a169df8f68562f4d358,2023-02-14_00-17-53,1676333873,1.7664566040039062,184.259259223938,7162,6860f06fdae6,172.17.0.2,184.259259223938,4707300,87,17.394598484039307,613.5935,5.4619913,0.024263881,1054,94146,41.099999999999994,82.05
-7.3660383,50.0,51300,False,4758600,,88,8a583_00000,5358c7b8e67a4a169df8f68562f4d358,2023-02-14_00-17-55,1676333875,1.717339038848877,185.97659826278687,7162,6860f06fdae6,172.17.0.2,185.97659826278687,4758600,88,17.394598484039307,613.71594,5.54546,0.024319034,1026,95172,43.06666666666666,82.13333333333334
-7.5372133,50.0,51900,False,4810500,,89,8a583_00000,5358c7b8e67a4a169df8f68562f4d358,2023-02-14_00-17-57,1676333877,1.764582872390747,187.7411811351776,7162,6860f06fdae6,172.17.0.2,187.7411811351776,4810500,89,17.394598484039307,613.79535,5.4550266,0.024331005,1038,96210,40.0,82.0
-7.651719,50.0,51400,False,4861900,,90,8a583_00000,5358c7b8e67a4a169df8f68562f4d358,2023-02-14_00-17-59,1676333879,1.760150671005249,189.50133180618286,7162,6860f06fdae6,172.17.0.2,189.50133180618286,4861900,90,17.394598484039307,613.8152,5.9795036,0.02459486,1028,97238,41.46666666666667,82.13333333333333
-7.761767,50.0,50700,False,4912600,,91,8a583_00000,5358c7b8e67a4a169df8f68562f4d358,2023-02-14_00-18-00,1676333880,1.8036258220672607,191.30495762825012,7162,6860f06fdae6,172.17.0.2,191.30495762825012,4912600,91,17.394598484039307,613.8968,5.591542,0.024623701,1014,98252,40.3,82.05
-7.708602,50.0,51600,False,4964200,,92,8a583_00000,5358c7b8e67a4a169df8f68562f4d358,2023-02-14_00-18-02,1676333882,1.8203344345092773,193.1252920627594,7162,6860f06fdae6,172.17.0.2,193.1252920627594,4964200,92,17.394598484039307,613.9997,5.402779,0.02457378,1032,99284,42.233333333333334,82.1
-7.661189,50.0,65300,False,5029500,,93,8a583_00000,5358c7b8e67a4a169df8f68562f4d358,2023-02-14_00-18-05,1676333885,2.5706589221954346,195.69595098495483,7162,6860f06fdae6,172.17.0.2,195.69595098495483,5029500,93,17.394598484039307,614.1391,4.44892,0.024179483,1306,100590,35.85,82.15
-7.8842316,50.0,67200,False,5096700,,94,8a583_00000,5358c7b8e67a4a169df8f68562f4d358,2023-02-14_00-18-07,1676333887,2.2831714153289795,197.9791224002838,7162,6860f06fdae6,172.17.0.2,197.9791224002838,5096700,94,17.394598484039307,614.206,3.7789388,0.023602763,1344,101934,44.1,82.16666666666667
-8.009698,50.0,54600,False,5151300,,95,8a583_00000,5358c7b8e67a4a169df8f68562f4d358,2023-02-14_00-18-09,1676333889,1.9807202816009521,199.95984268188477,7162,6860f06fdae6,172.17.0.2,199.95984268188477,5151300,95,17.394598484039307,614.29614,5.4758854,0.023823705,1092,103026,35.266666666666666,82.06666666666666
-8.068739,50.0,52900,False,5204200,,96,8a583_00000,5358c7b8e67a4a169df8f68562f4d358,2023-02-14_00-18-11,1676333891,1.7286598682403564,201.68850255012512,7162,6860f06fdae6,172.17.0.2,201.68850255012512,5204200,96,17.394598484039307,614.2748,5.4213333,0.023975415,1058,104084,49.65,82.05
-8.005968,50.0,52100,False,5256300,,97,8a583_00000,5358c7b8e67a4a169df8f68562f4d358,2023-02-14_00-18-13,1676333893,1.6853821277618408,203.37388467788696,7162,6860f06fdae6,172.17.0.2,203.37388467788696,5256300,97,17.394598484039307,614.26056,5.7379346,0.024248581,1042,105126,37.6,82.05
-7.9831023,50.0,52000,False,5308300,,98,8a583_00000,5358c7b8e67a4a169df8f68562f4d358,2023-02-14_00-18-14,1676333894,1.6445653438568115,205.01845002174377,7162,6860f06fdae6,172.17.0.2,205.01845002174377,5308300,98,17.394598484039307,614.16675,5.9019847,0.024469338,1040,106166,43.73333333333333,82.03333333333333
-7.872084,50.0,66000,False,5374300,,99,8a583_00000,5358c7b8e67a4a169df8f68562f4d358,2023-02-14_00-18-16,1676333896,2.0772016048431396,207.0956516265869,7162,6860f06fdae6,172.17.0.2,207.0956516265869,5374300,99,17.394598484039307,614.02875,4.228501,0.023994822,1320,107486,45.699999999999996,82.03333333333333
-7.9905257,50.0,53400,False,5427700,,100,8a583_00000,5358c7b8e67a4a169df8f68562f4d358,2023-02-14_00-18-18,1676333898,1.7760136127471924,208.8716652393341,7162,6860f06fdae6,172.17.0.2,208.8716652393341,5427700,100,17.394598484039307,613.9221,5.70624,0.024205457,1068,108554,44.95,82.05
-8.193316,50.0,65200,False,5492900,,101,8a583_00000,5358c7b8e67a4a169df8f68562f4d358,2023-02-14_00-18-20,1676333900,2.0510306358337402,210.92269587516785,7162,6860f06fdae6,172.17.0.2,210.92269587516785,5492900,101,17.394598484039307,613.8238,4.3103886,0.023822222,1304,109858,46.53333333333333,82.06666666666666
-8.166072,50.0,51500,False,5544400,,102,8a583_00000,5358c7b8e67a4a169df8f68562f4d358,2023-02-14_00-18-22,1676333902,1.7450780868530273,212.66777396202087,7162,6860f06fdae6,172.17.0.2,212.66777396202087,5544400,102,17.394598484039307,613.66907,5.7269135,0.024137232,1030,110888,37.1,82.03333333333333
-8.371894,50.0,50900,False,5595300,,103,8a583_00000,5358c7b8e67a4a169df8f68562f4d358,2023-02-14_00-18-24,1676333904,1.651869535446167,214.31964349746704,7162,6860f06fdae6,172.17.0.2,214.31964349746704,5595300,103,17.394598484039307,613.4994,5.3353586,0.024194632,1018,111906,49.849999999999994,82.1
-8.331072,50.0,50900,False,5646200,,104,8a583_00000,5358c7b8e67a4a169df8f68562f4d358,2023-02-14_00-18-25,1676333905,1.7073893547058105,216.02703285217285,7162,6860f06fdae6,172.17.0.2,216.02703285217285,5646200,104,17.394598484039307,613.3632,5.9512434,0.024465004,1018,112924,38.25,82.15
-8.204058,50.0,52600,False,5698800,,105,8a583_00000,5358c7b8e67a4a169df8f68562f4d358,2023-02-14_00-18-27,1676333907,1.8635599613189697,217.89059281349182,7162,6860f06fdae6,172.17.0.2,217.89059281349182,5698800,105,17.394598484039307,613.15906,5.622798,0.024609273,1052,113976,43.96666666666667,82.2
-8.182976,50.0,51100,False,5749900,,106,8a583_00000,5358c7b8e67a4a169df8f68562f4d358,2023-02-14_00-18-29,1676333909,1.6282861232757568,219.51887893676758,7162,6860f06fdae6,172.17.0.2,219.51887893676758,5749900,106,17.394598484039307,612.958,5.932941,0.024818512,1022,114998,39.5,82.05
-8.405257,50.0,52400,False,5802300,,107,8a583_00000,5358c7b8e67a4a169df8f68562f4d358,2023-02-14_00-18-31,1676333911,1.7397432327270508,221.25862216949463,7162,6860f06fdae6,172.17.0.2,221.25862216949463,5802300,107,17.394598484039307,612.79584,5.2885604,0.024723414,1048,116046,41.93333333333333,82.2
-8.432048,50.0,52800,False,5855100,,108,8a583_00000,5358c7b8e67a4a169df8f68562f4d358,2023-02-14_00-18-33,1676333913,1.8305416107177734,223.0891637802124,7162,6860f06fdae6,172.17.0.2,223.0891637802124,5855100,108,17.394598484039307,612.69696,5.4392595,0.024713755,1056,117102,45.45,82.1
-8.590943,50.0,50600,False,5905700,,109,8a583_00000,5358c7b8e67a4a169df8f68562f4d358,2023-02-14_00-18-34,1676333914,1.694591999053955,224.78375577926636,7162,6860f06fdae6,172.17.0.2,224.78375577926636,5905700,109,17.394598484039307,612.61017,5.401165,0.024719536,1012,118114,38.53333333333333,82.16666666666667
-8.684836,50.0,52400,False,5958100,,110,8a583_00000,5358c7b8e67a4a169df8f68562f4d358,2023-02-14_00-18-36,1676333916,1.6707274913787842,226.45448327064514,7162,6860f06fdae6,172.17.0.2,226.45448327064514,5958100,110,17.394598484039307,612.50964,5.126103,0.024568757,1048,119162,45.8,82.1
-8.388198,50.0,51900,False,6010000,,111,8a583_00000,5358c7b8e67a4a169df8f68562f4d358,2023-02-14_00-18-38,1676333918,1.646881103515625,228.10136437416077,7162,6860f06fdae6,172.17.0.2,228.10136437416077,6010000,111,17.394598484039307,612.46027,5.721445,0.024674458,1038,120200,39.6,82.03333333333333
-8.380903,50.0,51900,False,6061900,,112,8a583_00000,5358c7b8e67a4a169df8f68562f4d358,2023-02-14_00-18-39,1676333919,1.625138282775879,229.72650265693665,7162,6860f06fdae6,172.17.0.2,229.72650265693665,6061900,112,17.394598484039307,612.3982,5.35821,0.024648648,1038,121238,50.849999999999994,82.1
-8.450336,50.0,51400,False,6113300,,113,8a583_00000,5358c7b8e67a4a169df8f68562f4d358,2023-02-14_00-18-41,1676333921,1.6358091831207275,231.36231184005737,7162,6860f06fdae6,172.17.0.2,231.36231184005737,6113300,113,17.394598484039307,612.2762,5.5754623,0.024681855,1028,122266,42.25,82.05
-8.480717,50.0,50100,False,6163400,,114,8a583_00000,5358c7b8e67a4a169df8f68562f4d358,2023-02-14_00-18-43,1676333923,1.6935412883758545,233.05585312843323,7162,6860f06fdae6,172.17.0.2,233.05585312843323,6163400,114,17.394598484039307,612.28143,5.9401827,0.024854563,1002,123268,40.1,82.06666666666666
-8.55842,50.0,66500,False,6229900,,115,8a583_00000,5358c7b8e67a4a169df8f68562f4d358,2023-02-14_00-18-45,1676333925,2.041919231414795,235.09777235984802,7162,6860f06fdae6,172.17.0.2,235.09777235984802,6229900,115,17.394598484039307,612.2965,4.087196,0.024315378,1330,124598,45.06666666666666,82.06666666666666
-8.428625,50.0,52700,False,6282600,,116,8a583_00000,5358c7b8e67a4a169df8f68562f4d358,2023-02-14_00-18-46,1676333926,1.7094879150390625,236.80726027488708,7162,6860f06fdae6,172.17.0.2,236.80726027488708,6282600,116,17.394598484039307,612.2313,6.01604,0.024573367,1054,125652,50.7,82.05
-8.175777,50.0,53200,False,6335800,,117,8a583_00000,5358c7b8e67a4a169df8f68562f4d358,2023-02-14_00-18-48,1676333928,1.6479170322418213,238.4551773071289,7162,6860f06fdae6,172.17.0.2,238.4551773071289,6335800,117,17.394598484039307,612.2622,5.3264437,0.024574842,1064,126716,38.75,82.1
-8.067356,50.0,50800,False,6386600,,118,8a583_00000,5358c7b8e67a4a169df8f68562f4d358,2023-02-14_00-18-50,1676333930,1.698488712310791,240.1536660194397,7162,6860f06fdae6,172.17.0.2,240.1536660194397,6386600,118,17.394598484039307,612.26044,5.62363,0.024635682,1016,127732,43.53333333333334,82.03333333333333
-8.029504,50.0,51900,False,6438500,,119,8a583_00000,5358c7b8e67a4a169df8f68562f4d358,2023-02-14_00-18-51,1676333931,1.6143693923950195,241.76803541183472,7162,6860f06fdae6,172.17.0.2,241.76803541183472,6438500,119,17.394598484039307,612.31006,5.6189733,0.024715003,1038,128770,50.45,82.05
-7.714441,50.0,52800,False,6491300,,120,8a583_00000,5358c7b8e67a4a169df8f68562f4d358,2023-02-14_00-18-53,1676333933,1.6616814136505127,243.42971682548523,7162,6860f06fdae6,172.17.0.2,243.42971682548523,6491300,120,17.394598484039307,612.3376,5.834781,0.024813084,1056,129826,38.3,82.1
-7.866027,50.0,50000,False,6541300,,121,8a583_00000,5358c7b8e67a4a169df8f68562f4d358,2023-02-14_00-18-55,1676333935,1.5998213291168213,245.02953815460205,7162,6860f06fdae6,172.17.0.2,245.02953815460205,6541300,121,17.394598484039307,612.374,5.898779,0.024912262,1000,130826,43.23333333333333,82.03333333333333
-7.851496,50.0,53700,False,6595000,,122,8a583_00000,5358c7b8e67a4a169df8f68562f4d358,2023-02-14_00-18-56,1676333936,1.731494665145874,246.76103281974792,7162,6860f06fdae6,172.17.0.2,246.76103281974792,6595000,122,17.394598484039307,612.52606,5.455086,0.024916796,1074,131900,49.8,82.15
-7.556273,50.0,51100,False,6646100,,123,8a583_00000,5358c7b8e67a4a169df8f68562f4d358,2023-02-14_00-18-58,1676333938,1.7106003761291504,248.47163319587708,7162,6860f06fdae6,172.17.0.2,248.47163319587708,6646100,123,17.394598484039307,612.6786,5.523219,0.024838317,1022,132922,37.00000000000001,82.1
-7.4055505,50.0,67400,False,6713500,,124,8a583_00000,5358c7b8e67a4a169df8f68562f4d358,2023-02-14_00-19-00,1676333940,2.0719258785247803,250.54355907440186,7162,6860f06fdae6,172.17.0.2,250.54355907440186,6713500,124,17.394598484039307,612.7899,4.467826,0.024403127,1348,134270,50.75,82.1
-7.3597136,50.0,65700,False,6779200,,125,8a583_00000,5358c7b8e67a4a169df8f68562f4d358,2023-02-14_00-19-02,1676333942,2.0505032539367676,252.59406232833862,7162,6860f06fdae6,172.17.0.2,252.59406232833862,6779200,125,17.394598484039307,612.8551,4.4705048,0.024010153,1314,135584,47.199999999999996,82.1
-7.368552,50.0,53000,False,6832200,,126,8a583_00000,5358c7b8e67a4a169df8f68562f4d358,2023-02-14_00-19-04,1676333944,1.668508768081665,254.2625710964203,7162,6860f06fdae6,172.17.0.2,254.2625710964203,6832200,126,17.394598484039307,612.963,5.021452,0.023972617,1060,136644,42.5,82.06666666666666
-7.3950043,50.0,66700,False,6898900,,127,8a583_00000,5358c7b8e67a4a169df8f68562f4d358,2023-02-14_00-19-06,1676333946,2.1680378913879395,256.4306089878082,7162,6860f06fdae6,172.17.0.2,256.4306089878082,6898900,127,17.394598484039307,613.0253,4.158433,0.02351943,1334,137978,44.93333333333334,82.06666666666666
-7.4994164,50.0,51200,False,6950100,,128,8a583_00000,5358c7b8e67a4a169df8f68562f4d358,2023-02-14_00-19-08,1676333948,1.6382360458374023,258.06884503364563,7162,6860f06fdae6,172.17.0.2,258.06884503364563,6950100,128,17.394598484039307,613.1095,5.615047,0.023844521,1024,139002,47.25,82.05
-7.2253547,50.0,50300,False,7000400,,129,8a583_00000,5358c7b8e67a4a169df8f68562f4d358,2023-02-14_00-19-10,1676333950,1.664815902709961,259.7336609363556,7162,6860f06fdae6,172.17.0.2,259.7336609363556,7000400,129,17.394598484039307,613.1431,5.9720616,0.024187313,1006,140008,38.13333333333333,82.06666666666666
-7.2537217,50.0,50800,False,7051200,,130,8a583_00000,5358c7b8e67a4a169df8f68562f4d358,2023-02-14_00-19-11,1676333951,1.7224738597869873,261.4561347961426,7162,6860f06fdae6,172.17.0.2,261.4561347961426,7051200,130,17.394598484039307,613.15576,5.996646,0.024472062,1016,141024,50.25,82.1
-7.174014,50.0,50000,False,7101200,,131,8a583_00000,5358c7b8e67a4a169df8f68562f4d358,2023-02-14_00-19-13,1676333953,1.6377029418945312,263.0938377380371,7162,6860f06fdae6,172.17.0.2,263.0938377380371,7101200,131,17.394598484039307,613.2132,6.0029635,0.024716087,1000,142024,39.849999999999994,82.1
-7.2472963,50.0,65500,False,7166700,,132,8a583_00000,5358c7b8e67a4a169df8f68562f4d358,2023-02-14_00-19-15,1676333955,2.087728977203369,265.1815667152405,7162,6860f06fdae6,172.17.0.2,265.1815667152405,7166700,132,17.394598484039307,613.2093,4.4269423,0.0242683,1310,143334,46.46666666666667,82.06666666666666
-7.3159842,50.0,52100,False,7218800,,133,8a583_00000,5358c7b8e67a4a169df8f68562f4d358,2023-02-14_00-19-17,1676333957,1.6626813411712646,266.84424805641174,7162,6860f06fdae6,172.17.0.2,266.84424805641174,7218800,133,17.394598484039307,613.32025,5.661605,0.02443238,1042,144376,41.5,82.06666666666666
-7.2887855,50.0,63700,False,7282500,,134,8a583_00000,5358c7b8e67a4a169df8f68562f4d358,2023-02-14_00-19-19,1676333959,2.22693133354187,269.0711793899536,7162,6860f06fdae6,172.17.0.2,269.0711793899536,7282500,134,17.394598484039307,613.3728,4.0772853,0.023895392,1274,145650,45.56666666666666,82.06666666666666
-7.2894316,50.0,50900,False,7333400,,135,8a583_00000,5358c7b8e67a4a169df8f68562f4d358,2023-02-14_00-19-21,1676333961,1.6253201961517334,270.69649958610535,7162,6860f06fdae6,172.17.0.2,270.69649958610535,7333400,135,17.394598484039307,613.44135,6.08232,0.024298012,1018,146668,45.6,82.1
-7.184723,50.0,65500,False,7398900,,136,8a583_00000,5358c7b8e67a4a169df8f68562f4d358,2023-02-14_00-19-23,1676333963,2.106381416320801,272.80288100242615,7162,6860f06fdae6,172.17.0.2,272.80288100242615,7398900,136,17.394598484039307,613.5288,4.354773,0.023936784,1310,147978,47.93333333333334,82.1
-7.109969,50.0,51200,False,7450100,,137,8a583_00000,5358c7b8e67a4a169df8f68562f4d358,2023-02-14_00-19-25,1676333965,1.763934850692749,274.5668158531189,7162,6860f06fdae6,172.17.0.2,274.5668158531189,7450100,137,17.394598484039307,613.61414,5.337542,0.024019955,1024,149002,36.36666666666667,82.2
-6.976477,50.0,53100,False,7503200,,138,8a583_00000,5358c7b8e67a4a169df8f68562f4d358,2023-02-14_00-19-26,1676333966,1.7163379192352295,276.2831537723541,7162,6860f06fdae6,172.17.0.2,276.2831537723541,7503200,138,17.394598484039307,613.69916,5.0323725,0.023947826,1062,150064,49.05,82.1
-7.133786,50.0,50800,False,7554000,,139,8a583_00000,5358c7b8e67a4a169df8f68562f4d358,2023-02-14_00-19-28,1676333968,1.7234382629394531,278.0065920352936,7162,6860f06fdae6,172.17.0.2,278.0065920352936,7554000,139,17.394598484039307,613.7376,5.9480906,0.02431665,1016,151080,36.5,82.13333333333334
-7.314836,50.0,65600,False,7619600,,140,8a583_00000,5358c7b8e67a4a169df8f68562f4d358,2023-02-14_00-19-30,1676333970,2.109964370727539,280.1165564060211,7162,6860f06fdae6,172.17.0.2,280.1165564060211,7619600,140,17.394598484039307,613.7672,4.3456054,0.02397632,1312,152392,45.26666666666667,82.1
-7.3516617,50.0,50400,False,7670000,,141,8a583_00000,5358c7b8e67a4a169df8f68562f4d358,2023-02-14_00-19-32,1676333972,1.7173690795898438,281.83392548561096,7162,6860f06fdae6,172.17.0.2,281.83392548561096,7670000,141,17.394598484039307,613.72504,5.6748447,0.024216812,1008,153400,49.65,82.1
-7.225644,50.0,67500,False,7737500,,142,8a583_00000,5358c7b8e67a4a169df8f68562f4d358,2023-02-14_00-19-34,1676333974,2.163292169570923,283.9972176551819,7162,6860f06fdae6,172.17.0.2,283.9972176551819,7737500,142,17.394598484039307,613.60583,4.5669193,0.023930728,1350,154750,46.13333333333333,82.13333333333334
-7.1946535,50.0,51400,False,7788900,,143,8a583_00000,5358c7b8e67a4a169df8f68562f4d358,2023-02-14_00-19-36,1676333976,1.7862677574157715,285.78348541259766,7162,6860f06fdae6,172.17.0.2,285.78348541259766,7788900,143,17.394598484039307,613.3645,6.1094475,0.024361398,1028,155778,35.266666666666666,82.06666666666666
-7.069762,50.0,51800,False,7840700,,144,8a583_00000,5358c7b8e67a4a169df8f68562f4d358,2023-02-14_00-19-38,1676333978,1.705495834350586,287.48898124694824,7162,6860f06fdae6,172.17.0.2,287.48898124694824,7840700,144,17.394598484039307,613.10986,5.567858,0.024489803,1036,156814,50.0,82.1
-7.1329026,50.0,51800,False,7892500,,145,8a583_00000,5358c7b8e67a4a169df8f68562f4d358,2023-02-14_00-19-39,1676333979,1.6903090476989746,289.1792902946472,7162,6860f06fdae6,172.17.0.2,289.1792902946472,7892500,145,17.394598484039307,612.94604,6.0528297,0.024732227,1036,157850,38.7,82.1
-7.0954833,50.0,51200,False,7943700,,146,8a583_00000,5358c7b8e67a4a169df8f68562f4d358,2023-02-14_00-19-41,1676333981,1.7291064262390137,290.90839672088623,7162,6860f06fdae6,172.17.0.2,290.90839672088623,7943700,146,17.394598484039307,612.87213,5.4792953,0.024756683,1024,158874,42.93333333333334,82.23333333333333
-7.169145,50.0,65400,False,8009100,,147,8a583_00000,5358c7b8e67a4a169df8f68562f4d358,2023-02-14_00-19-43,1676333983,2.1122565269470215,293.02065324783325,7162,6860f06fdae6,172.17.0.2,293.02065324783325,8009100,147,17.394598484039307,612.8897,4.528946,0.024370918,1308,160182,44.93333333333334,82.16666666666667
-7.3315344,50.0,50100,False,8059200,,148,8a583_00000,5358c7b8e67a4a169df8f68562f4d358,2023-02-14_00-19-45,1676333985,1.6243226528167725,294.64497590065,7162,6860f06fdae6,172.17.0.2,294.64497590065,8059200,148,17.394598484039307,612.9664,6.303985,0.024747876,1002,161184,44.6,82.1
-7.319082,50.0,51100,False,8110300,,149,8a583_00000,5358c7b8e67a4a169df8f68562f4d358,2023-02-14_00-19-47,1676333987,1.7671422958374023,296.4121181964874,7162,6860f06fdae6,172.17.0.2,296.4121181964874,8110300,149,17.394598484039307,613.0917,5.4614325,0.024734197,1022,162206,40.06666666666666,82.06666666666666
-7.227182,50.0,65800,False,8176100,,150,8a583_00000,5358c7b8e67a4a169df8f68562f4d358,2023-02-14_00-19-49,1676333989,2.0899243354797363,298.50204253196716,7162,6860f06fdae6,172.17.0.2,298.50204253196716,8176100,150,17.394598484039307,613.2353,4.5412474,0.024311768,1316,163522,44.133333333333326,82.1
-7.4164634,50.0,52000,False,8228100,,151,8a583_00000,5358c7b8e67a4a169df8f68562f4d358,2023-02-14_00-19-50,1676333990,1.6831445693969727,300.18518710136414,7162,6860f06fdae6,172.17.0.2,300.18518710136414,8228100,151,17.394598484039307,613.3567,5.528109,0.024372734,1040,164562,49.650000000000006,82.1
-7.466985,50.0,51500,False,8279600,,152,8a583_00000,5358c7b8e67a4a169df8f68562f4d358,2023-02-14_00-19-52,1676333992,1.7211101055145264,301.90629720687866,7162,6860f06fdae6,172.17.0.2,301.90629720687866,8279600,152,17.394598484039307,613.4148,5.6778393,0.024515158,1030,165592,36.3,82.1
-7.4521117,50.0,52300,False,8331900,,153,8a583_00000,5358c7b8e67a4a169df8f68562f4d358,2023-02-14_00-19-54,1676333994,1.7021965980529785,303.60849380493164,7162,6860f06fdae6,172.17.0.2,303.60849380493164,8331900,153,17.394598484039307,613.4818,5.3902,0.024512047,1046,166638,45.4,82.1
-7.6121926,50.0,52300,False,8384200,,154,8a583_00000,5358c7b8e67a4a169df8f68562f4d358,2023-02-14_00-19-56,1676333996,1.6404469013214111,305.24894070625305,7162,6860f06fdae6,172.17.0.2,305.24894070625305,8384200,154,17.394598484039307,613.5122,5.206587,0.024388941,1046,167684,41.8,82.1
-7.590992,50.0,51900,False,8436100,,155,8a583_00000,5358c7b8e67a4a169df8f68562f4d358,2023-02-14_00-19-57,1676333997,1.7029075622558594,306.9518482685089,7162,6860f06fdae6,172.17.0.2,306.9518482685089,8436100,155,17.394598484039307,613.5173,5.566054,0.024395453,1038,168722,42.1,82.1
-7.7948036,50.0,51600,False,8487700,,156,8a583_00000,5358c7b8e67a4a169df8f68562f4d358,2023-02-14_00-19-59,1676333999,1.698045015335083,308.649893283844,7162,6860f06fdae6,172.17.0.2,308.649893283844,8487700,156,17.394598484039307,613.6512,6.2281203,0.024727138,1032,169754,50.4,82.2
-8.004546,50.0,51600,False,8539300,,157,8a583_00000,5358c7b8e67a4a169df8f68562f4d358,2023-02-14_00-20-01,1676334001,1.6803524494171143,310.3302457332611,7162,6860f06fdae6,172.17.0.2,310.3302457332611,8539300,157,17.394598484039307,613.76685,5.720072,0.024896277,1032,170786,38.15,82.15
-8.002715,50.0,51200,False,8590500,,158,8a583_00000,5358c7b8e67a4a169df8f68562f4d358,2023-02-14_00-20-02,1676334002,1.660322666168213,311.9905683994293,7162,6860f06fdae6,172.17.0.2,311.9905683994293,8590500,158,17.394598484039307,613.89197,5.728242,0.024965659,1024,171810,45.43333333333334,82.13333333333333
-8.0058155,50.0,52200,False,8642700,,159,8a583_00000,5358c7b8e67a4a169df8f68562f4d358,2023-02-14_00-20-04,1676334004,1.7357118129730225,313.72628021240234,7162,6860f06fdae6,172.17.0.2,313.72628021240234,8642700,159,17.394598484039307,614.1285,5.545793,0.024884582,1044,172854,40.95,82.1
-7.789167,50.0,51700,False,8694400,,160,8a583_00000,5358c7b8e67a4a169df8f68562f4d358,2023-02-14_00-20-06,1676334006,1.731870174407959,315.4581503868103,7162,6860f06fdae6,172.17.0.2,315.4581503868103,8694400,160,17.394598484039307,614.3971,5.6161766,0.024847314,1034,173888,41.03333333333333,82.23333333333333
-7.551885,50.0,50800,False,8745200,,161,8a583_00000,5358c7b8e67a4a169df8f68562f4d358,2023-02-14_00-20-08,1676334008,1.7353801727294922,317.1935305595398,7162,6860f06fdae6,172.17.0.2,317.1935305595398,8745200,161,17.394598484039307,614.6483,5.4712515,0.024740003,1016,174904,42.2,82.15
-7.75735,50.0,50500,False,8795700,,162,8a583_00000,5358c7b8e67a4a169df8f68562f4d358,2023-02-14_00-20-09,1676334009,1.6586761474609375,318.85220670700073,7162,6860f06fdae6,172.17.0.2,318.85220670700073,8795700,162,17.394598484039307,614.8584,5.9513597,0.0248652,1010,175914,40.6,82.1
-7.7498045,50.0,51300,False,8847000,,163,8a583_00000,5358c7b8e67a4a169df8f68562f4d358,2023-02-14_00-20-11,1676334011,1.6371536254882812,320.489360332489,7162,6860f06fdae6,172.17.0.2,320.489360332489,8847000,163,17.394598484039307,615.1096,5.450979,0.024784883,1026,176940,50.85,82.1
-7.8070245,50.0,53300,False,8900300,,164,8a583_00000,5358c7b8e67a4a169df8f68562f4d358,2023-02-14_00-20-13,1676334013,1.6636178493499756,322.152978181839,7162,6860f06fdae6,172.17.0.2,322.152978181839,8900300,164,17.394598484039307,615.3281,5.229265,0.024630953,1066,178006,39.75,82.2
-7.9147315,50.0,50400,False,8950700,,165,8a583_00000,5358c7b8e67a4a169df8f68562f4d358,2023-02-14_00-20-14,1676334014,1.6740593910217285,323.8270375728607,7162,6860f06fdae6,172.17.0.2,323.8270375728607,8950700,165,17.394598484039307,615.532,5.2892427,0.024527105,1008,179014,42.699999999999996,82.1
-7.820173,50.0,67400,False,9018100,,166,8a583_00000,5358c7b8e67a4a169df8f68562f4d358,2023-02-14_00-20-17,1676334017,2.1440281867980957,325.9710657596588,7162,6860f06fdae6,172.17.0.2,325.9710657596588,9018100,166,17.394598484039307,615.7353,4.3605714,0.024137456,1348,180362,45.099999999999994,82.1
-7.4739695,50.0,51300,False,9069400,,167,8a583_00000,5358c7b8e67a4a169df8f68562f4d358,2023-02-14_00-20-18,1676334018,1.6454665660858154,327.61653232574463,7162,6860f06fdae6,172.17.0.2,327.61653232574463,9069400,167,17.394598484039307,615.83923,5.7060003,0.024283495,1026,181388,49.35,82.2
-7.250117,50.0,51400,False,9120800,,168,8a583_00000,5358c7b8e67a4a169df8f68562f4d358,2023-02-14_00-20-20,1676334020,1.6647000312805176,329.28123235702515,7162,6860f06fdae6,172.17.0.2,329.28123235702515,9120800,168,17.394598484039307,615.9296,5.6549606,0.024405777,1028,182416,37.8,82.15
-7.3042617,50.0,50000,False,9170800,,169,8a583_00000,5358c7b8e67a4a169df8f68562f4d358,2023-02-14_00-20-22,1676334022,1.6638586521148682,330.94509100914,7162,6860f06fdae6,172.17.0.2,330.94509100914,9170800,169,17.394598484039307,615.9486,5.630746,0.024476944,1000,183416,44.800000000000004,82.13333333333333
-7.3414474,50.0,52600,False,9223400,,170,8a583_00000,5358c7b8e67a4a169df8f68562f4d358,2023-02-14_00-20-23,1676334023,1.8647913932800293,332.80988240242004,7162,6860f06fdae6,172.17.0.2,332.80988240242004,9223400,170,17.394598484039307,615.9694,5.4652567,0.024482563,1052,184468,35.63333333333333,82.1
-7.192884,50.0,50600,False,9274000,,171,8a583_00000,5358c7b8e67a4a169df8f68562f4d358,2023-02-14_00-20-25,1676334025,1.6354405879974365,334.4453229904175,7162,6860f06fdae6,172.17.0.2,334.4453229904175,9274000,171,17.394598484039307,615.9714,5.306308,0.024410788,1012,185480,50.150000000000006,82.1
-7.1135,50.0,51100,False,9325100,,172,8a583_00000,5358c7b8e67a4a169df8f68562f4d358,2023-02-14_00-20-27,1676334027,1.7245078086853027,336.1698307991028,7162,6860f06fdae6,172.17.0.2,336.1698307991028,9325100,172,17.394598484039307,616.00696,5.878822,0.02462661,1022,186502,40.05,82.1
-6.999903,50.0,50600,False,9375700,,173,8a583_00000,5358c7b8e67a4a169df8f68562f4d358,2023-02-14_00-20-29,1676334029,1.6628055572509766,337.83263635635376,7162,6860f06fdae6,172.17.0.2,337.83263635635376,9375700,173,17.394598484039307,615.9822,5.901348,0.024761416,1012,187514,41.7,82.1
-6.9038644,50.0,52300,False,9428000,,174,8a583_00000,5358c7b8e67a4a169df8f68562f4d358,2023-02-14_00-20-30,1676334030,1.6942799091339111,339.52691626548767,7162,6860f06fdae6,172.17.0.2,339.52691626548767,9428000,174,17.394598484039307,616.05493,5.244843,0.024644969,1046,188560,48.15,82.1
-6.8681006,50.0,66400,False,9494400,,175,8a583_00000,5358c7b8e67a4a169df8f68562f4d358,2023-02-14_00-20-32,1676334032,2.1689326763153076,341.695848941803,7162,6860f06fdae6,172.17.0.2,341.695848941803,9494400,175,17.394598484039307,616.06635,4.377531,0.024148075,1328,189888,45.63333333333333,82.2
-6.9040475,50.0,64900,False,9559300,,176,8a583_00000,5358c7b8e67a4a169df8f68562f4d358,2023-02-14_00-20-35,1676334035,2.054985523223877,343.75083446502686,7162,6860f06fdae6,172.17.0.2,343.75083446502686,9559300,176,17.394598484039307,615.9997,4.6387444,0.023891214,1298,191186,45.46666666666666,82.1
-7.0277395,50.0,66200,False,9625500,,177,8a583_00000,5358c7b8e67a4a169df8f68562f4d358,2023-02-14_00-20-37,1676334037,2.1849493980407715,345.9357838630676,7162,6860f06fdae6,172.17.0.2,345.9357838630676,9625500,177,17.394598484039307,615.9138,4.5804877,0.023681222,1324,192510,44.26666666666667,82.1
-6.9451895,50.0,51800,False,9677300,,178,8a583_00000,5358c7b8e67a4a169df8f68562f4d358,2023-02-14_00-20-39,1676334039,1.7800071239471436,347.71579098701477,7162,6860f06fdae6,172.17.0.2,347.71579098701477,9677300,178,17.394598484039307,615.7826,5.4960623,0.023906127,1036,193546,36.53333333333333,82.16666666666667
-6.8511915,50.0,52400,False,9729700,,179,8a583_00000,5358c7b8e67a4a169df8f68562f4d358,2023-02-14_00-20-40,1676334040,1.729860782623291,349.44565176963806,7162,6860f06fdae6,172.17.0.2,349.44565176963806,9729700,179,17.394598484039307,615.5009,5.5759745,0.024128178,1048,194594,47.599999999999994,82.1
-6.865985,50.0,63500,False,9793200,,180,8a583_00000,5358c7b8e67a4a169df8f68562f4d358,2023-02-14_00-20-42,1676334042,2.105198383331299,351.55085015296936,7162,6860f06fdae6,172.17.0.2,351.55085015296936,9793200,180,17.394598484039307,615.295,4.917799,0.023954699,1270,195864,45.800000000000004,82.13333333333333
-6.9882965,50.0,66000,False,9859200,,181,8a583_00000,5358c7b8e67a4a169df8f68562f4d358,2023-02-14_00-20-45,1676334045,2.2104272842407227,353.7612774372101,7162,6860f06fdae6,172.17.0.2,353.7612774372101,9859200,181,17.394598484039307,615.0368,4.429257,0.02360344,1320,197184,43.06666666666666,82.1
-7.014258,50.0,65700,False,9924900,,182,8a583_00000,5358c7b8e67a4a169df8f68562f4d358,2023-02-14_00-20-47,1676334047,2.057724714279175,355.81900215148926,7162,6860f06fdae6,172.17.0.2,355.81900215148926,9924900,182,17.394598484039307,614.7415,4.423526,0.023390204,1314,198498,44.96666666666667,82.1
-7.232505,50.0,65300,False,9990200,,183,8a583_00000,5358c7b8e67a4a169df8f68562f4d358,2023-02-14_00-20-49,1676334049,2.0574495792388916,357.87645173072815,7162,6860f06fdae6,172.17.0.2,357.87645173072815,9990200,183,17.394598484039307,614.3483,4.514556,0.023285573,1306,199804,47.0,82.16666666666667
-7.218473,50.0,52900,False,10043100,,184,8a583_00000,5358c7b8e67a4a169df8f68562f4d358,2023-02-14_00-20-51,1676334051,1.7498157024383545,359.6262674331665,7162,6860f06fdae6,172.17.0.2,359.6262674331665,10043100,184,17.394598484039307,613.9965,5.341566,0.02349103,1058,200862,36.333333333333336,82.1
-7.2051187,50.0,52600,False,10095700,,185,8a583_00000,5358c7b8e67a4a169df8f68562f4d358,2023-02-14_00-20-52,1676334052,1.6675026416778564,361.29377007484436,7162,6860f06fdae6,172.17.0.2,361.29377007484436,10095700,185,17.394598484039307,613.70166,5.573343,0.023789372,1052,201914,50.3,82.1
-7.1445017,50.0,50700,False,10146400,,186,8a583_00000,5358c7b8e67a4a169df8f68562f4d358,2023-02-14_00-20-54,1676334054,1.7269370555877686,363.02070713043213,7162,6860f06fdae6,172.17.0.2,363.02070713043213,10146400,186,17.394598484039307,613.4051,5.9972615,0.024146752,1014,202928,36.6,82.1
-6.888205,50.0,52200,False,10198600,,187,8a583_00000,5358c7b8e67a4a169df8f68562f4d358,2023-02-14_00-20-56,1676334056,1.6780059337615967,364.6987130641937,7162,6860f06fdae6,172.17.0.2,364.6987130641937,10198600,187,17.394598484039307,613.0649,5.5430617,0.024247449,1044,203972,44.633333333333326,82.2
-7.210968,50.0,51500,False,10250100,,188,8a583_00000,5358c7b8e67a4a169df8f68562f4d358,2023-02-14_00-20-57,1676334057,1.5985589027404785,366.2972719669342,7162,6860f06fdae6,172.17.0.2,366.2972719669342,10250100,188,17.394598484039307,612.7512,5.26728,0.024310615,1030,205002,49.150000000000006,82.15
-7.0639358,50.0,67200,False,10317300,,189,8a583_00000,5358c7b8e67a4a169df8f68562f4d358,2023-02-14_00-20-59,1676334059,2.1402697563171387,368.43754172325134,7162,6860f06fdae6,172.17.0.2,368.43754172325134,10317300,189,17.394598484039307,612.4407,4.466001,0.023914803,1344,206346,44.36666666666667,82.16666666666667
-7.0504045,50.0,51600,False,10368900,,190,8a583_00000,5358c7b8e67a4a169df8f68562f4d358,2023-02-14_00-21-01,1676334061,1.7249529361724854,370.1624946594238,7162,6860f06fdae6,172.17.0.2,370.1624946594238,10368900,190,17.394598484039307,612.0979,5.183295,0.02397414,1032,207378,39.233333333333334,82.1
-7.183542,50.0,51000,False,10419900,,191,8a583_00000,5358c7b8e67a4a169df8f68562f4d358,2023-02-14_00-21-03,1676334063,1.6840589046478271,371.84655356407166,7162,6860f06fdae6,172.17.0.2,371.84655356407166,10419900,191,17.394598484039307,611.7658,6.373383,0.024478242,1020,208398,50.599999999999994,82.15
-7.006711,50.0,65700,False,10485600,,192,8a583_00000,5358c7b8e67a4a169df8f68562f4d358,2023-02-14_00-21-05,1676334065,2.1205995082855225,373.9671530723572,7162,6860f06fdae6,172.17.0.2,373.9671530723572,10485600,192,17.394598484039307,611.4717,4.161247,0.024016993,1314,209712,45.63333333333333,82.2
-6.945815,50.0,65700,False,10551300,,193,8a583_00000,5358c7b8e67a4a169df8f68562f4d358,2023-02-14_00-21-07,1676334067,2.06235671043396,376.02950978279114,7162,6860f06fdae6,172.17.0.2,376.02950978279114,10551300,193,17.394598484039307,611.1359,4.4906898,0.023775881,1314,211026,45.166666666666664,82.13333333333333
-6.996953,50.0,50400,False,10601700,,194,8a583_00000,5358c7b8e67a4a169df8f68562f4d358,2023-02-14_00-21-09,1676334069,1.5843734741210938,377.61388325691223,7162,6860f06fdae6,172.17.0.2,377.61388325691223,10601700,194,17.394598484039307,610.7458,5.9199514,0.024111114,1008,212034,42.85,82.2
-6.877294,50.0,50500,False,10652200,,195,8a583_00000,5358c7b8e67a4a169df8f68562f4d358,2023-02-14_00-21-10,1676334070,1.6375226974487305,379.25140595436096,7162,6860f06fdae6,172.17.0.2,379.25140595436096,10652200,195,17.394598484039307,610.44574,5.656616,0.02430507,1010,213044,39.96666666666667,82.1
-6.9502206,50.0,67200,False,10719400,,196,8a583_00000,5358c7b8e67a4a169df8f68562f4d358,2023-02-14_00-21-13,1676334073,2.1298277378082275,381.3812336921692,7162,6860f06fdae6,172.17.0.2,381.3812336921692,10719400,196,17.394598484039307,610.1318,4.3262005,0.023944287,1344,214388,45.63333333333333,82.13333333333333
-7.106415,50.0,65600,False,10785000,,197,8a583_00000,5358c7b8e67a4a169df8f68562f4d358,2023-02-14_00-21-15,1676334075,2.2223074436187744,383.60354113578796,7162,6860f06fdae6,172.17.0.2,383.60354113578796,10785000,197,17.394598484039307,609.7902,4.6958694,0.02380912,1312,215700,44.73333333333333,82.16666666666667
-6.8522234,50.0,50500,False,10835500,,198,8a583_00000,5358c7b8e67a4a169df8f68562f4d358,2023-02-14_00-21-16,1676334076,1.6820032596588135,385.2855443954468,7162,6860f06fdae6,172.17.0.2,385.2855443954468,10835500,198,17.394598484039307,609.496,5.974971,0.024285154,1010,216710,48.3,82.15
-6.8313155,50.0,50800,False,10886300,,199,8a583_00000,5358c7b8e67a4a169df8f68562f4d358,2023-02-14_00-21-18,1676334078,1.6764185428619385,386.9619629383087,7162,6860f06fdae6,172.17.0.2,386.9619629383087,10886300,199,17.394598484039307,609.27075,5.339581,0.024351923,1016,217726,37.1,82.13333333333333
-6.8837557,50.0,67400,False,10953700,,200,8a583_00000,5358c7b8e67a4a169df8f68562f4d358,2023-02-14_00-21-20,1676334080,2.161888837814331,389.12385177612305,7162,6860f06fdae6,172.17.0.2,389.12385177612305,10953700,200,17.394598484039307,609.16785,4.3379865,0.023986386,1348,219074,45.06666666666666,82.16666666666667
-6.952493,50.0,51500,False,11005200,,201,8a583_00000,5358c7b8e67a4a169df8f68562f4d358,2023-02-14_00-21-22,1676334082,1.7670080661773682,390.8908598423004,7162,6860f06fdae6,172.17.0.2,390.8908598423004,11005200,201,17.394598484039307,609.0448,5.887089,0.024327205,1030,220104,48.95,82.1
-6.756373,50.0,52000,False,11057200,,202,8a583_00000,5358c7b8e67a4a169df8f68562f4d358,2023-02-14_00-21-24,1676334084,1.7263638973236084,392.617223739624,7162,6860f06fdae6,172.17.0.2,392.617223739624,11057200,202,17.394598484039307,608.9075,5.6578803,0.024504365,1040,221144,35.2,82.16666666666667
-6.7411475,50.0,51700,False,11108900,,203,8a583_00000,5358c7b8e67a4a169df8f68562f4d358,2023-02-14_00-21-26,1676334086,1.6778974533081055,394.29512119293213,7162,6860f06fdae6,172.17.0.2,394.29512119293213,11108900,203,17.394598484039307,608.8761,5.620552,0.024604378,1034,222178,50.349999999999994,82.1
-6.6714416,50.0,50200,False,11159100,,204,8a583_00000,5358c7b8e67a4a169df8f68562f4d358,2023-02-14_00-21-27,1676334087,1.6017563343048096,395.89687752723694,7162,6860f06fdae6,172.17.0.2,395.89687752723694,11159100,204,17.394598484039307,608.78436,5.5260906,0.024674267,1004,223182,44.75,82.2
-6.784201,50.0,51500,False,11210600,,205,8a583_00000,5358c7b8e67a4a169df8f68562f4d358,2023-02-14_00-21-29,1676334089,1.6700923442840576,397.566969871521,7162,6860f06fdae6,172.17.0.2,397.566969871521,11210600,205,17.394598484039307,608.79596,5.702649,0.024794642,1030,224212,39.46666666666667,82.16666666666667
-6.614422,50.0,52800,False,11263400,,206,8a583_00000,5358c7b8e67a4a169df8f68562f4d358,2023-02-14_00-21-31,1676334091,1.6828255653381348,399.24979543685913,7162,6860f06fdae6,172.17.0.2,399.24979543685913,11263400,206,17.394598484039307,608.7675,5.3522673,0.024683772,1056,225268,50.55,82.1
-6.723703,50.0,64800,False,11328200,,207,8a583_00000,5358c7b8e67a4a169df8f68562f4d358,2023-02-14_00-21-33,1676334093,2.1626248359680176,401.41242027282715,7162,6860f06fdae6,172.17.0.2,401.41242027282715,11328200,207,17.394598484039307,608.75165,4.4928923,0.024313401,1296,226564,43.86666666666667,82.1
-6.8696337,50.0,52000,False,11380200,,208,8a583_00000,5358c7b8e67a4a169df8f68562f4d358,2023-02-14_00-21-34,1676334094,1.7109453678131104,403.12336564064026,7162,6860f06fdae6,172.17.0.2,403.12336564064026,11380200,208,17.394598484039307,608.7097,5.2798343,0.024326582,1040,227604,35.95,82.2
-7.0396895,50.0,50700,False,11430900,,209,8a583_00000,5358c7b8e67a4a169df8f68562f4d358,2023-02-14_00-21-36,1676334096,1.6282052993774414,404.7515709400177,7162,6860f06fdae6,172.17.0.2,404.7515709400177,11430900,209,17.394598484039307,608.7717,6.12312,0.024705447,1014,228618,44.26666666666667,82.23333333333333
-7.009169,50.0,64900,False,11495800,,210,8a583_00000,5358c7b8e67a4a169df8f68562f4d358,2023-02-14_00-21-38,1676334098,2.0647337436676025,406.8163046836853,7162,6860f06fdae6,172.17.0.2,406.8163046836853,11495800,210,17.394598484039307,608.82983,4.335798,0.024224386,1298,229916,44.53333333333333,82.1
-6.7809744,50.0,66300,False,11562100,,211,8a583_00000,5358c7b8e67a4a169df8f68562f4d358,2023-02-14_00-21-40,1676334100,2.1431403160095215,408.9594449996948,7162,6860f06fdae6,172.17.0.2,408.9594449996948,11562100,211,17.394598484039307,608.89124,4.2994757,0.02381947,1326,231242,44.93333333333334,82.16666666666667
-7.054685,50.0,51500,False,11613600,,212,8a583_00000,5358c7b8e67a4a169df8f68562f4d358,2023-02-14_00-21-42,1676334102,1.8595404624938965,410.8189854621887,7162,6860f06fdae6,172.17.0.2,410.8189854621887,11613600,212,17.394598484039307,608.91815,5.658132,0.024074435,1030,232272,40.5,82.1
-7.0031447,50.0,52000,False,11665600,,213,8a583_00000,5358c7b8e67a4a169df8f68562f4d358,2023-02-14_00-21-44,1676334104,1.6490397453308105,412.46802520751953,7162,6860f06fdae6,172.17.0.2,412.46802520751953,11665600,213,17.394598484039307,608.84174,5.659555,0.024333443,1040,233312,40.2,82.13333333333333
-6.900489,50.0,51500,False,11717100,,214,8a583_00000,5358c7b8e67a4a169df8f68562f4d358,2023-02-14_00-21-46,1676334106,1.5884382724761963,414.0564634799957,7162,6860f06fdae6,172.17.0.2,414.0564634799957,11717100,214,17.394598484039307,608.7592,5.203028,0.024288684,1030,234342,49.95,82.2
-6.8196435,50.0,51100,False,11768200,,215,8a583_00000,5358c7b8e67a4a169df8f68562f4d358,2023-02-14_00-21-47,1676334107,1.7630586624145508,415.8195221424103,7162,6860f06fdae6,172.17.0.2,415.8195221424103,11768200,215,17.394598484039307,608.6363,5.8456454,0.024601877,1022,235364,39.6,82.1
-6.8804255,50.0,50100,False,11818300,,216,8a583_00000,5358c7b8e67a4a169df8f68562f4d358,2023-02-14_00-21-49,1676334109,1.6049959659576416,417.4245181083679,7162,6860f06fdae6,172.17.0.2,417.4245181083679,11818300,216,17.394598484039307,608.57935,5.6730657,0.024661355,1002,236366,42.6,82.1
-6.8491087,50.0,52000,False,11870300,,217,8a583_00000,5358c7b8e67a4a169df8f68562f4d358,2023-02-14_00-21-51,1676334111,1.6440351009368896,419.0685532093048,7162,6860f06fdae6,172.17.0.2,419.0685532093048,11870300,217,17.394598484039307,608.49115,5.7245,0.024755014,1040,237406,50.849999999999994,82.15
-6.7888155,50.0,50700,False,11921000,,218,8a583_00000,5358c7b8e67a4a169df8f68562f4d358,2023-02-14_00-21-52,1676334112,1.54237961769104,420.61093282699585,7162,6860f06fdae6,172.17.0.2,420.61093282699585,11921000,218,17.394598484039307,608.3941,5.5378222,0.024797276,1014,238420,44.5,82.15
-6.6503158,50.0,52500,False,11973500,,219,8a583_00000,5358c7b8e67a4a169df8f68562f4d358,2023-02-14_00-21-54,1676334114,1.738417387008667,422.3493502140045,7162,6860f06fdae6,172.17.0.2,422.3493502140045,11973500,219,17.394598484039307,608.2446,5.57954,0.024808105,1050,239470,39.233333333333334,82.16666666666667
-6.7816954,50.0,53100,False,12026600,,220,8a583_00000,5358c7b8e67a4a169df8f68562f4d358,2023-02-14_00-21-56,1676334116,1.7442338466644287,424.09358406066895,7162,6860f06fdae6,172.17.0.2,424.09358406066895,12026600,220,17.394598484039307,608.23834,5.254125,0.024726363,1062,240532,48.45,82.1
-7.0516,50.0,51400,False,12078000,,221,8a583_00000,5358c7b8e67a4a169df8f68562f4d358,2023-02-14_00-21-57,1676334117,1.6283550262451172,425.72193908691406,7162,6860f06fdae6,172.17.0.2,425.72193908691406,12078000,221,17.394598484039307,608.29517,5.2015586,0.024628902,1028,241560,36.65,82.1
-6.863005,50.0,52500,False,12130500,,222,8a583_00000,5358c7b8e67a4a169df8f68562f4d358,2023-02-14_00-21-59,1676334119,1.7031915187835693,427.42513060569763,7162,6860f06fdae6,172.17.0.2,427.42513060569763,12130500,222,17.394598484039307,608.3382,5.893406,0.024860697,1050,242610,45.0,82.2
-6.9220605,50.0,51200,False,12181700,,223,8a583_00000,5358c7b8e67a4a169df8f68562f4d358,2023-02-14_00-22-01,1676334121,1.6249744892120361,429.05010509490967,7162,6860f06fdae6,172.17.0.2,429.05010509490967,12181700,223,17.394598484039307,608.398,5.905836,0.025043512,1024,243634,46.45,82.1
-7.001729,50.0,53000,False,12234700,,224,8a583_00000,5358c7b8e67a4a169df8f68562f4d358,2023-02-14_00-22-02,1676334122,1.6802279949188232,430.7303330898285,7162,6860f06fdae6,172.17.0.2,430.7303330898285,12234700,224,17.394598484039307,608.5688,5.6232142,0.025039278,1060,244694,38.43333333333334,82.13333333333334
-7.051599,50.0,66300,False,12301000,,225,8a583_00000,5358c7b8e67a4a169df8f68562f4d358,2023-02-14_00-22-05,1676334125,2.226189613342285,432.9565227031708,7162,6860f06fdae6,172.17.0.2,432.9565227031708,12301000,225,17.394598484039307,608.76056,4.6756854,0.024644984,1326,246020,44.36666666666667,82.1
-7.2852545,50.0,50800,False,12351800,,226,8a583_00000,5358c7b8e67a4a169df8f68562f4d358,2023-02-14_00-22-06,1676334126,1.6752471923828125,434.6317698955536,7162,6860f06fdae6,172.17.0.2,434.6317698955536,12351800,226,17.394598484039307,608.8439,5.5030828,0.024718158,1016,247036,48.95,82.2
-7.3043175,50.0,51700,False,12403500,,227,8a583_00000,5358c7b8e67a4a169df8f68562f4d358,2023-02-14_00-22-08,1676334128,1.714097023010254,436.34586691856384,7162,6860f06fdae6,172.17.0.2,436.34586691856384,12403500,227,17.394598484039307,608.97595,5.6245513,0.024775248,1034,248070,36.76666666666667,82.13333333333333
-7.3218703,50.0,52400,False,12455900,,228,8a583_00000,5358c7b8e67a4a169df8f68562f4d358,2023-02-14_00-22-10,1676334130,1.731041669845581,438.0769085884094,7162,6860f06fdae6,172.17.0.2,438.0769085884094,12455900,228,17.394598484039307,609.0553,5.2436533,0.024635699,1048,249118,49.900000000000006,82.2
-7.350934,50.0,52000,False,12507900,,229,8a583_00000,5358c7b8e67a4a169df8f68562f4d358,2023-02-14_00-22-12,1676334132,1.7264864444732666,439.8033950328827,7162,6860f06fdae6,172.17.0.2,439.8033950328827,12507900,229,17.394598484039307,609.18365,5.752503,0.024756838,1040,250158,37.5,82.1
-7.4440255,50.0,52600,False,12560500,,230,8a583_00000,5358c7b8e67a4a169df8f68562f4d358,2023-02-14_00-22-13,1676334133,1.700695276260376,441.50409030914307,7162,6860f06fdae6,172.17.0.2,441.50409030914307,12560500,230,17.394598484039307,609.2931,5.230328,0.024624055,1052,251210,44.70000000000001,82.13333333333333
-7.2056985,50.0,51700,False,12612200,,231,8a583_00000,5358c7b8e67a4a169df8f68562f4d358,2023-02-14_00-22-15,1676334135,1.7105731964111328,443.2146635055542,7162,6860f06fdae6,172.17.0.2,443.2146635055542,12612200,231,17.394598484039307,609.3888,5.734062,0.024747059,1034,252244,41.05,82.2
-7.4619203,50.0,65000,False,12677200,,232,8a583_00000,5358c7b8e67a4a169df8f68562f4d358,2023-02-14_00-22-17,1676334137,2.1459286212921143,445.3605921268463,7162,6860f06fdae6,172.17.0.2,445.3605921268463,12677200,232,17.394598484039307,609.4438,4.331459,0.024303513,1300,253544,42.43333333333334,82.13333333333333
-7.389155,50.0,51300,False,12728500,,233,8a583_00000,5358c7b8e67a4a169df8f68562f4d358,2023-02-14_00-22-19,1676334139,1.6496827602386475,447.01027488708496,7162,6860f06fdae6,172.17.0.2,447.01027488708496,12728500,233,17.394598484039307,609.48224,5.7673283,0.024524374,1026,254570,42.96666666666666,82.1
-7.489133,50.0,52900,False,12781400,,234,8a583_00000,5358c7b8e67a4a169df8f68562f4d358,2023-02-14_00-22-21,1676334141,1.7508208751678467,448.7610957622528,7162,6860f06fdae6,172.17.0.2,448.7610957622528,12781400,234,17.394598484039307,609.52844,5.1848583,0.024513122,1058,255628,45.900000000000006,82.2
-7.3999434,50.0,51600,False,12833000,,235,8a583_00000,5358c7b8e67a4a169df8f68562f4d358,2023-02-14_00-22-22,1676334142,1.705012321472168,450.466108083725,7162,6860f06fdae6,172.17.0.2,450.466108083725,12833000,235,17.394598484039307,609.6173,5.4711385,0.024566004,1032,256660,38.099999999999994,82.1
-7.0677137,50.0,50300,False,12883300,,236,8a583_00000,5358c7b8e67a4a169df8f68562f4d358,2023-02-14_00-22-24,1676334144,1.6051697731018066,452.0712778568268,7162,6860f06fdae6,172.17.0.2,452.0712778568268,12883300,236,17.394598484039307,609.72345,5.684036,0.02460175,1006,257666,50.95,82.19999999999999
-7.019829,50.0,52700,False,12936000,,237,8a583_00000,5358c7b8e67a4a169df8f68562f4d358,2023-02-14_00-22-26,1676334146,1.7317478656768799,453.80302572250366,7162,6860f06fdae6,172.17.0.2,453.80302572250366,12936000,237,17.394598484039307,609.8095,5.8376913,0.024841368,1054,258720,40.35,82.1
-7.082657,50.0,50700,False,12986700,,238,8a583_00000,5358c7b8e67a4a169df8f68562f4d358,2023-02-14_00-22-27,1676334147,1.721860647201538,455.5248863697052,7162,6860f06fdae6,172.17.0.2,455.5248863697052,12986700,238,17.394598484039307,609.91516,5.870405,0.025031801,1014,259734,41.56666666666667,82.1
-7.2744226,50.0,51300,False,13038000,,239,8a583_00000,5358c7b8e67a4a169df8f68562f4d358,2023-02-14_00-22-29,1676334149,1.7035706043243408,457.22845697402954,7162,6860f06fdae6,172.17.0.2,457.22845697402954,13038000,239,17.394598484039307,610.05505,5.4825463,0.025071323,1026,260760,47.05,82.15
-7.1885424,50.0,51800,False,13089800,,240,8a583_00000,5358c7b8e67a4a169df8f68562f4d358,2023-02-14_00-22-31,1676334151,2.0011985301971436,459.2296555042267,7162,6860f06fdae6,172.17.0.2,459.2296555042267,13089800,240,17.394598484039307,610.2177,6.0099,0.025222434,1036,261796,37.03333333333333,82.2
-7.3076897,50.0,50300,False,13140100,,241,8a583_00000,5358c7b8e67a4a169df8f68562f4d358,2023-02-14_00-22-33,1676334153,1.6374263763427734,460.86708188056946,7162,6860f06fdae6,172.17.0.2,460.86708188056946,13140100,241,17.394598484039307,610.38965,5.7540894,0.025213635,1006,262802,40.5,82.1
-7.117368,50.0,51000,False,13191100,,242,8a583_00000,5358c7b8e67a4a169df8f68562f4d358,2023-02-14_00-22-35,1676334155,1.7417924404144287,462.6088743209839,7162,6860f06fdae6,172.17.0.2,462.6088743209839,13191100,242,17.394598484039307,610.643,5.6669393,0.025169577,1020,263822,41.333333333333336,82.1
-7.092153,50.0,50500,False,13241600,,243,8a583_00000,5358c7b8e67a4a169df8f68562f4d358,2023-02-14_00-22-36,1676334156,1.697603464126587,464.3064777851105,7162,6860f06fdae6,172.17.0.2,464.3064777851105,13241600,243,17.394598484039307,610.9464,5.1108236,0.024937617,1010,264832,46.349999999999994,82.2
-7.1090636,50.0,50700,False,13292300,,244,8a583_00000,5358c7b8e67a4a169df8f68562f4d358,2023-02-14_00-22-38,1676334158,1.7616069316864014,466.0680847167969,7162,6860f06fdae6,172.17.0.2,466.0680847167969,13292300,244,17.394598484039307,611.22894,5.6425085,0.024923317,1014,265846,38.5,82.16666666666667
-7.2903686,50.0,50800,False,13343100,,245,8a583_00000,5358c7b8e67a4a169df8f68562f4d358,2023-02-14_00-22-40,1676334160,1.7381844520568848,467.80626916885376,7162,6860f06fdae6,172.17.0.2,467.80626916885376,13343100,245,17.394598484039307,611.5549,5.940412,0.025060736,1016,266862,48.05,82.2
-7.4813104,50.0,51600,False,13394700,,246,8a583_00000,5358c7b8e67a4a169df8f68562f4d358,2023-02-14_00-22-42,1676334162,1.7713751792907715,469.57764434814453,7162,6860f06fdae6,172.17.0.2,469.57764434814453,13394700,246,17.394598484039307,611.8872,6.1067166,0.025235003,1032,267894,37.0,82.13333333333334
-7.524901,50.0,51600,False,13446300,,247,8a583_00000,5358c7b8e67a4a169df8f68562f4d358,2023-02-14_00-22-43,1676334163,1.6705574989318848,471.2482018470764,7162,6860f06fdae6,172.17.0.2,471.2482018470764,13446300,247,17.394598484039307,612.1868,5.111372,0.024920017,1032,268926,49.05,82.1
-7.5285654,50.0,51300,False,13497600,,248,8a583_00000,5358c7b8e67a4a169df8f68562f4d358,2023-02-14_00-22-45,1676334165,1.6555078029632568,472.9037096500397,7162,6860f06fdae6,172.17.0.2,472.9037096500397,13497600,248,17.394598484039307,612.446,5.817812,0.02500313,1026,269952,38.7,82.1
-7.514427,50.0,53300,False,13550900,,249,8a583_00000,5358c7b8e67a4a169df8f68562f4d358,2023-02-14_00-22-47,1676334167,1.7585906982421875,474.66230034828186,7162,6860f06fdae6,172.17.0.2,474.66230034828186,13550900,249,17.394598484039307,612.6606,5.563564,0.024933701,1066,271018,43.46666666666667,82.2
-7.3503723,50.0,51200,False,13602100,,250,8a583_00000,5358c7b8e67a4a169df8f68562f4d358,2023-02-14_00-22-48,1676334168,1.5787990093231201,476.241099357605,7162,6860f06fdae6,172.17.0.2,476.241099357605,13602100,250,17.394598484039307,612.9426,5.9880915,0.025097609,1024,272042,48.45,82.15
-7.166707,50.0,50900,False,13653000,,251,8a583_00000,5358c7b8e67a4a169df8f68562f4d358,2023-02-14_00-22-50,1676334170,1.6652109622955322,477.9063103199005,7162,6860f06fdae6,172.17.0.2,477.9063103199005,13653000,251,17.394598484039307,613.2529,5.7698083,0.02510618,1018,273060,38.05,82.2
